{
	"class_name" : "PinholeCameraParameters",
	"extrinsic" : 
	[
		0.98585680629719441,
		-0.10017115443237234,
		-0.13435809353061773,
		0.0,
		0.13972694530440891,
		0.048629223515933288,
		0.9889952372868821,
		0.0,
		-0.092535064885669913,
		-0.9937811320607387,
		0.061938060404581989,
		0.0,
		-0.4022310701947609,
		0.91750586436212311,
		2.2519405718839485,
		1.0
	],
	"intrinsic" : 
	{
		"height" : 1080,
		"intrinsic_matrix" : 
		[
			935.30743608719376,
			0.0,
			0.0,
			0.0,
			935.30743608719376,
			0.0,
			959.5,
			539.5,
			1.0
		],
		"width" : 1920
	},
	"version_major" : 1,
	"version_minor" : 0
}